throw_id,t,x_raw,y_raw,z_raw,vel_x_ground_truth,vel_y_ground_truth,vel_z_ground_truth,vel_x_measured,vel_y_measured,vel_z_measured
1,0,0.031928354,1.238251423,0.96235822,,,,-0.799558609,-3.434932098,-1.686227801
1,0.016666667,0.018602377,1.181002554,0.934254423,-0.201670178,-3.565325923,-2.020715752,-0.799558609,-3.434932098,-1.686227801
1,0.033333333,0.009961052,1.124160416,0.899263266,-0.201670178,-3.565325923,-2.151799812,-0.518479487,-3.410528296,-2.099469433
1,0.05,0.004881424,1.06336144,0.864720893,-0.201670178,-3.565325923,-2.282883872,-0.304777702,-3.647938579,-2.072542379
1,0.066666667,-0.003422779,1.007896013,0.82644917,-0.201670178,-3.565325923,-2.413967933,-0.498252198,-3.327925623,-2.296303344
1,0.083333333,-0.008226503,0.947027533,0.783383424,-0.201670178,-3.565325923,-2.545051993,-0.288223456,-3.652108785,-2.583944773
1,0.1,-0.012702063,0.887070564,0.739990288,-0.201670178,-3.565325923,-2.676136054,-0.268533564,-3.597418147,-2.603588148
1,0.116666667,-0.022036666,0.823175227,0.693057815,-0.201670178,-3.565325923,-2.807220114,-0.560076206,-3.833720199,-2.815948424
1,0.133333333,-0.0198415,0.76680429,0.643369066,-0.201670178,-3.565325923,-2.938304174,0.131710001,-3.382256253,-2.981324897
1,0.15,-0.026643916,0.707327503,0.592463085,-0.201670178,-3.565325923,-3.069388235,-0.408144997,-3.568607189,-3.054358864
1,0.166666667,-0.028872291,0.646700871,0.542286643,-0.201670178,-3.565325923,-3.200472295,-0.1337025,-3.637597918,-3.010586551
1,0.183333333,-0.031686864,0.587582198,0.4883481,-0.201670178,-3.565325923,-3.331556356,-0.168874377,-3.547120378,-3.236312564
1,0.2,-0.030830923,0.525800914,0.431294048,-0.201670178,-3.565325923,-3.462640416,0.051356461,-3.706877057,-3.423243132
1,0.216666667,-0.030920944,0.466676379,0.371361536,-0.201670178,-3.565325923,-3.593724477,-0.00540125,-3.5474721,-3.595950727
1,0.233333333,-0.031654095,0.406931013,0.309853342,-0.201670178,-3.565325923,-3.724808537,-0.043989078,-3.58472194,-3.690491621
1,0.25,-0.033993237,0.348453044,0.247071882,-0.201670178,-3.565325923,-3.855892597,-0.140348477,-3.508678142,-3.766887615
1,0.266666667,-0.030326633,0.292238725,0.185207531,-0.201670178,-3.565325923,-3.986976658,0.219996224,-3.372859134,-3.711861031
1,0.283333333,-0.028162953,0.227707029,0.111091548,-0.201670178,-3.565325923,-4.118060718,0.129820787,-3.871901787,-4.446958987
1,0.3,-0.047163888,0.179362332,0.051031136,-0.201670178,-3.565325923,-4.249144779,-1.140056079,-2.900681804,-3.603624743
2,0,0.117662095,1.041096198,0.902825894,,,,0.177289036,-2.980838598,-1.743481005
2,0.016666667,0.120616913,0.991415555,0.873767877,0.343883448,-3.041733396,-2.075008356,0.177289036,-2.980838598,-1.743481005
2,0.033333333,0.123441603,0.9412637,0.843119054,0.343883448,-3.041733396,-2.163014203,0.169481444,-3.009111245,-1.838929375
2,0.05,0.129556749,0.888829252,0.806225373,0.343883448,-3.041733396,-2.251020051,0.366908716,-3.146066881,-2.213620907
2,0.066666667,0.131167905,0.838089069,0.770143768,0.343883448,-3.041733396,-2.339025898,0.096669384,-3.044411002,-2.164896286
2,0.083333333,0.137274112,0.783489534,0.73049627,0.343883448,-3.041733396,-2.427031745,0.366372406,-3.275972097,-2.378849872
2,0.1,0.142151289,0.730194114,0.688430927,0.343883448,-3.041733396,-2.515037593,0.292630601,-3.197725198,-2.523920581
2,0.116666667,0.149909328,0.680885582,0.646175652,0.343883448,-3.041733396,-2.60304344,0.465482371,-2.958511943,-2.53531651
2,0.133333333,0.155114714,0.629979321,0.602462441,0.343883448,-3.041733396,-2.691049287,0.312323157,-3.054375631,-2.622792637
2,0.15,0.163286585,0.57639989,0.554435784,0.343883448,-3.041733396,-2.779055135,0.490312275,-3.214765876,-2.881599408
2,0.166666667,0.167065228,0.526501045,0.508661165,0.343883448,-3.041733396,-2.867060982,0.226718542,-2.993930688,-2.746477157
2,0.183333333,0.17516476,0.47650004,0.457528534,0.343883448,-3.041733396,-2.955066829,0.485971921,-3.000060325,-3.067957857
2,0.2,0.183411247,0.423623111,0.406250576,0.343883448,-3.041733396,-3.043072677,0.494789245,-3.1726157,-3.076677488
2,0.216666667,0.189569288,0.371853516,0.353636659,0.343883448,-3.041733396,-3.131078524,0.369482462,-3.106175704,-3.156835006
2,0.233333333,0.201652455,0.318380832,0.295930785,0.343883448,-3.041733396,-3.219084371,0.724989988,-3.208361067,-3.462352473
2,0.25,0.208085981,0.269192304,0.244238018,0.343883448,-3.041733396,-3.307090219,0.3860116,-2.951311666,-3.101565983
2,0.266666667,0.213064406,0.221550316,0.186562014,0.343883448,-3.041733396,-3.395096066,0.298705453,-2.858519268,-3.460560262
2,0.283333333,0.221288665,0.171603784,0.125584328,0.343883448,-3.041733396,-3.483101913,0.493455596,-2.996791959,-3.658661137
2,0.3,0.216206031,0.13095723,0.075520994,0.343883448,-3.041733396,-3.571107761,-0.304958065,-2.438793201,-3.003800068
2,0.316666667,0.194270569,0.102733151,0.036029516,0.343883448,-3.041733396,-3.659113608,-1.31612771,-1.693444765,-2.369488667
3,0,0.015276188,1.173975953,0.982484443,,,,-0.699137857,-3.79179994,-1.329046857
3,0.016666667,0.00362389,1.110779287,0.960333662,-0.715300766,-4.127626824,-2.02557955,-0.699137857,-3.79179994,-1.329046857
3,0.033333333,-0.006181044,1.04746228,0.936275665,-0.715300766,-4.127626824,-2.10303228,-0.58829604,-3.799020419,-1.443479807
3,0.05,-0.020342665,0.98471543,0.912419763,-0.715300766,-4.127626824,-2.180485011,-0.849697258,-3.764811024,-1.431354097
3,0.066666667,-0.032648993,0.919782987,0.881749737,-0.715300766,-4.127626824,-2.257937742,-0.738379718,-3.895946591,-1.840201555
3,0.083333333,-0.046530946,0.847800336,0.845733442,-0.715300766,-4.127626824,-2.335390473,-0.832917162,-4.318959048,-2.160977738
3,0.1,-0.058081034,0.783233387,0.80883655,-0.715300766,-4.127626824,-2.412843204,-0.693005249,-3.874016943,-2.213813531
3,0.116666667,-0.070294559,0.717402641,0.773073408,-0.715300766,-4.127626824,-2.490295934,-0.732811534,-3.949844765,-2.145788513
3,0.133333333,-0.080292205,0.649614666,0.731609122,-0.715300766,-4.127626824,-2.567748665,-0.599858741,-4.067278512,-2.487857118
3,0.15,-0.09516229,0.575090724,0.685845353,-0.715300766,-4.127626824,-2.645201396,-0.892205102,-4.471436529,-2.745826165
3,0.166666667,-0.108053396,0.507826109,0.638737178,-0.715300766,-4.127626824,-2.722654127,-0.773466363,-4.035876878,-2.826490501
3,0.183333333,-0.119881359,0.437368351,0.588219855,-0.715300766,-4.127626824,-2.800106857,-0.709677797,-4.227465498,-3.031039353
3,0.2,-0.132735867,0.363670782,0.53317262,-0.715300766,-4.127626824,-2.877559588,-0.771270443,-4.421854142,-3.302834106
3,0.216666667,-0.143334093,0.294609351,0.477241662,-0.715300766,-4.127626824,-2.955012319,-0.635893602,-4.143685861,-3.355857525
3,0.233333333,-0.155914508,0.217586717,0.418289101,-0.715300766,-4.127626824,-3.03246505,-0.754824866,-4.621358017,-3.537153608
3,0.25,-0.166222643,0.144601635,0.352814446,-0.715300766,-4.127626824,-3.10991778,-0.618488102,-4.37910489,-3.928479356
3,0.266666667,-0.176530778,0.071616554,0.28733979,-0.715300766,-4.127626824,-3.187370511,-0.618488102,-4.37910489,-3.928479356
3,0.283333333,-0.188714862,-0.002333517,0.224817001,-0.715300766,-4.127626824,-3.264823242,-0.73104505,-4.437004249,-3.751367336
3,0.3,-0.196413149,-0.071707548,0.159420994,-0.715300766,-4.127626824,-3.342275973,-0.461897215,-4.162441873,-3.923760381
3,0.316666667,-0.209302003,-0.123260704,0.147107047,-0.715300766,-4.127626824,-3.419728703,-0.773331219,-3.09318935,-0.738836863
3,0.333333333,-0.222190856,-0.17481386,0.134793099,-0.715300766,-4.127626824,-3.497181434,-0.773331219,-3.09318935,-0.738836863
3,0.35,-0.23507971,-0.226367016,0.122479151,-0.715300766,-4.127626824,-3.574634165,-0.773331219,-3.09318935,-0.738836863
4,0,0.069435993,1.081051907,0.883849727,,,,0.177221632,-3.567569827,-1.977297277
4,0.016666667,0.072389687,1.02159241,0.850894772,0.2538593,-3.546370867,-1.998384103,0.177221632,-3.567569827,-1.977297277
4,0.033333333,0.073639632,0.965752704,0.821204751,0.2538593,-3.546370867,-2.107650794,0.074996724,-3.35038238,-1.781401278
4,0.05,0.072302097,0.906506807,0.786337444,0.2538593,-3.546370867,-2.216917485,-0.080252096,-3.554753785,-2.092038429
4,0.066666667,0.077605203,0.846059668,0.749653167,0.2538593,-3.546370867,-2.326184176,0.318186361,-3.626828362,-2.20105661
4,0.083333333,0.082608493,0.780741112,0.706477223,0.2538593,-3.546370867,-2.435450867,0.300197375,-3.919113368,-2.590556663
4,0.1,0.084402714,0.725749261,0.66623935,0.2538593,-3.546370867,-2.544717559,0.107653286,-3.299511025,-2.414272327
4,0.116666667,0.090210453,0.665527085,0.62330838,0.2538593,-3.546370867,-2.65398425,0.34846432,-3.613330607,-2.575858207
4,0.133333333,0.090819707,0.606851952,0.579099308,0.2538593,-3.546370867,-2.763250941,0.036555232,-3.520507931,-2.652544341
4,0.15,0.097651819,0.546809621,0.530917899,0.2538593,-3.546370867,-2.872517632,0.409926765,-3.602539887,-2.89088452
4,0.166666667,0.099381239,0.488321494,0.480958239,0.2538593,-3.546370867,-2.981784323,0.103765172,-3.509287613,-2.997579633
4,0.183333333,0.105633649,0.42701843,0.42775565,0.2538593,-3.546370867,-3.091051014,0.375144597,-3.678183845,-3.192155321
4,0.2,0.111627679,0.365393904,0.377673311,0.2538593,-3.546370867,-3.200317705,0.359641806,-3.697471556,-3.004940355
4,0.216666667,0.115572692,0.309487372,0.320222787,0.2538593,-3.546370867,-3.309584397,0.236700798,-3.354391931,-3.447031459
4,0.233333333,0.122397102,0.249305525,0.265892147,0.2538593,-3.546370867,-3.418851088,0.409464607,-3.610910823,-3.259838366
4,0.25,0.129016894,0.191740717,0.207707854,0.2538593,-3.546370867,-3.528117779,0.397187531,-3.453888445,-3.491057608
4,0.266666667,0.132548312,0.134390953,0.144374132,0.2538593,-3.546370867,-3.63738447,0.211885054,-3.44098585,-3.800023273
4,0.283333333,0.144909737,0.077221027,0.085835417,0.2538593,-3.546370867,-3.746651161,0.741685516,-3.430195593,-3.51232294
4,0.3,0.136319802,0.027493701,0.034951583,0.2538593,-3.546370867,-3.855917852,-0.5153961,-2.983639567,-3.053030045
5,0,0.020527352,1.238399789,0.946744882,,,,-0.786217705,-3.71177617,-1.258832977
5,0.016666667,0.007423723,1.176536853,0.925764332,-0.717440794,-3.974029771,-1.363228181,-0.786217705,-3.71177617,-1.258832977
5,0.033333333,-0.002821095,1.117183146,0.903382535,-0.717440794,-3.974029771,-1.533665947,-0.614689131,-3.561222379,-1.342907857
5,0.05,-0.010894046,1.053974796,0.876045557,-0.717440794,-3.974029771,-1.704103713,-0.484377018,-3.792501026,-1.640218654
5,0.066666667,-0.021956097,0.995647539,0.846583097,-0.717440794,-3.974029771,-1.874541479,-0.6637231,-3.499635391,-1.767747598
5,0.083333333,-0.035895786,0.932320805,0.815212175,-0.717440794,-3.974029771,-2.044979245,-0.836381321,-3.799604088,-1.882255316
5,0.1,-0.04899613,0.863283777,0.774769083,-0.717440794,-3.974029771,-2.215417012,-0.786020655,-4.142221668,-2.426585533
5,0.116666667,-0.059480975,0.801030396,0.740440639,-0.717440794,-3.974029771,-2.385854778,-0.629090656,-3.735202829,-2.059706609
5,0.133333333,-0.070377977,0.735994931,0.698888231,-0.717440794,-3.974029771,-2.556292544,-0.653820157,-3.902127909,-2.493144522
5,0.15,-0.083716479,0.669489201,0.654862016,-0.717440794,-3.974029771,-2.72673031,-0.800310108,-3.990343831,-2.641572877
5,0.166666667,-0.096178462,0.601883315,0.606416535,-0.717440794,-3.974029771,-2.897168076,-0.747718969,-4.056353164,-2.906728866
5,0.183333333,-0.107607283,0.537552462,0.556801992,-0.717440794,-3.974029771,-3.067605842,-0.685729268,-3.859851162,-2.976872584
5,0.2,-0.119567848,0.470036034,0.503154872,-0.717440794,-3.974029771,-3.238043608,-0.717633871,-4.050985671,-3.218827198
5,0.216666667,-0.130024196,0.400899208,0.448324589,-0.717440794,-3.974029771,-3.408481374,-0.627380894,-4.148209546,-3.289816974
5,0.233333333,-0.14794018,0.335909461,0.390443625,-0.717440794,-3.974029771,-3.57891914,-1.074959079,-3.89938484,-3.472857837
5,0.25,-0.156933178,0.262636956,0.327334321,-0.717440794,-3.974029771,-3.749356906,-0.539579837,-4.396350297,-3.786558269
5,0.266666667,-0.163561872,0.195220978,0.270283027,-0.717440794,-3.974029771,-3.919794673,-0.397721685,-4.044958661,-3.423077612
5,0.283333333,-0.179587761,0.124261001,0.200869917,-0.717440794,-3.974029771,-4.090232439,-0.961553304,-4.257598637,-4.164786622
5,0.3,-0.195613649,0.053301024,0.131456806,-0.717440794,-3.974029771,-4.260670205,-0.961553304,-4.257598637,-4.164786622
5,0.316666667,-0.207395054,-0.022281094,0.055438968,-0.717440794,-3.974029771,-4.431107971,-0.706884274,-4.534927052,-4.561070301
6,0,0.092072732,1.076272368,0.889961901,,,,0.045025683,-3.416917737,-1.599381159
6,0.016666667,0.09282316,1.019323739,0.863305548,-0.035599978,-3.45262704,-1.888421553,0.045025683,-3.416917737,-1.599381159
6,0.033333333,0.091630338,0.963752101,0.833735601,-0.035599978,-3.45262704,-1.991972463,-0.071569268,-3.334298246,-1.774196802
6,0.05,0.09211364,0.906197175,0.802330572,-0.035599978,-3.45262704,-2.095523373,0.028998076,-3.453295592,-1.884301759
6,0.066666667,0.092585576,0.847972025,0.768883483,-0.035599978,-3.45262704,-2.199074283,0.028316164,-3.493509001,-2.00682535
6,0.083333333,0.088110774,0.786501677,0.731970237,-0.035599978,-3.45262704,-2.302625193,-0.26848813,-3.688220844,-2.214794766
6,0.1,0.089749904,0.73068084,0.691888514,-0.035599978,-3.45262704,-2.406176103,0.09834783,-3.349250271,-2.40490337
6,0.116666667,0.09050442,0.67321716,0.653135697,-0.035599978,-3.45262704,-2.509727013,0.045270938,-3.447820745,-2.325169006
6,0.133333333,0.089842979,0.614946431,0.607615577,-0.035599978,-3.45262704,-2.613277923,-0.039686426,-3.496243741,-2.731207195
6,0.15,0.087096766,0.556848083,0.567483061,-0.035599978,-3.45262704,-2.716828833,-0.164772813,-3.485900895,-2.407950972
6,0.166666667,0.087650629,0.496900733,0.516800899,-0.035599978,-3.45262704,-2.820379743,0.033231804,-3.59684103,-3.040929722
6,0.183333333,0.088924166,0.438045723,0.465674595,-0.035599978,-3.45262704,-2.923930653,0.076412224,-3.531300572,-3.067578259
6,0.2,0.089339262,0.380958777,0.414525894,-0.035599978,-3.45262704,-3.027481563,0.024905726,-3.425216784,-3.068922031
6,0.216666667,0.089754357,0.32387183,0.363377194,-0.035599978,-3.45262704,-3.131032473,0.024905726,-3.425216784,-3.068922031
6,0.233333333,0.092825304,0.262415769,0.306316737,-0.035599978,-3.45262704,-3.234583383,0.184256838,-3.687363692,-3.423627378
6,0.25,0.091848428,0.203509447,0.24753322,-0.035599978,-3.45262704,-3.338134293,-0.058612601,-3.534379311,-3.527011028
6,0.266666667,0.094299891,0.146894512,0.188918234,-0.035599978,-3.45262704,-3.441685203,0.147087805,-3.396896102,-3.516899158
6,0.283333333,0.096751355,0.090279577,0.130303248,-0.035599978,-3.45262704,-3.545236113,0.147087805,-3.396896102,-3.516899158
6,0.3,0.077736349,0.042669995,0.07324604,-0.035599978,-3.45262704,-3.648787023,-1.140900343,-2.856574905,-3.423432483
6,0.316666667,0.057113862,0.010397072,0.054224884,-0.035599978,-3.45262704,-3.752337933,-1.237349238,-1.936375367,-1.141269365
7,0,0.070251528,1.064675212,0.931215233,,,,-0.220349029,-3.774237811,-1.432058317
7,0.016666667,0.066579044,1.001771248,0.907347594,-0.248470424,-3.834520332,-1.534537434,-0.220349029,-3.774237811,-1.432058317
7,0.033333333,0.06278782,0.939374763,0.882372644,-0.248470424,-3.834520332,-1.667146737,-0.227473463,-3.743789147,-1.498497031
7,0.05,0.058646642,0.878521556,0.855693605,-0.248470424,-3.834520332,-1.799756041,-0.248470659,-3.651192363,-1.600742318
7,0.066666667,0.052316081,0.812261164,0.822137981,-0.248470424,-3.834520332,-1.932365344,-0.379833675,-3.975623544,-2.013337461
7,0.083333333,0.049658708,0.74669658,0.787553512,-0.248470424,-3.834520332,-2.064974647,-0.159442355,-3.933875033,-2.075068104
7,0.1,0.044787391,0.683497186,0.751655418,-0.248470424,-3.834520332,-2.197583951,-0.292279018,-3.791963625,-2.153885659
7,0.116666667,0.012136419,0.635605126,0.72577803,-0.248470424,-3.834520332,-2.330193254,-1.959058352,-2.873523632,-1.552643252
7,0.133333333,0.01218231,0.57061459,0.685739369,-0.248470424,-3.834520332,-2.462802558,0.002753476,-3.899432172,-2.402319683
7,0.15,0.00750632,0.504088084,0.64020977,-0.248470424,-3.834520332,-2.595411861,-0.280559421,-3.991590335,-2.731775932
7,0.166666667,0.005712254,0.440533422,0.595918354,-0.248470424,-3.834520332,-2.728021165,-0.107643951,-3.813279729,-2.657484974
7,0.183333333,0.005961001,0.372387515,0.547588291,-0.248470424,-3.834520332,-2.860630468,0.014924849,-4.088754417,-2.899803757
7,0.2,0.002958677,0.309253389,0.495041825,-0.248470424,-3.834520332,-2.993239772,-0.180139463,-3.78804758,-3.152787966
7,0.216666667,0.002159625,0.241177388,0.44113891,-0.248470424,-3.834520332,-3.125849075,-0.047943136,-4.084560071,-3.234174933
7,0.233333333,-0.000266573,0.176346481,0.388334479,-0.248470424,-3.834520332,-3.258458379,-0.14557183,-3.889854381,-3.168265814
7,0.25,-0.000795187,0.109531847,0.328276556,-0.248470424,-3.834520332,-3.391067682,-0.031716885,-4.008878039,-3.603475371
7,0.266666667,-0.001323802,0.042717213,0.268218634,-0.248470424,-3.834520332,-3.523676986,-0.031716885,-4.008878039,-3.603475371
7,0.283333333,-0.001920858,-0.022439899,0.207644984,-0.248470424,-3.834520332,-3.656286289,-0.03582335,-3.90942674,-3.634418949
7,0.3,-0.003968504,-0.087219037,0.146652192,-0.248470424,-3.834520332,-3.788895593,-0.122858739,-3.886748256,-3.659567524
7,0.316666667,-0.005067821,-0.149243749,0.082027593,-0.248470424,-3.834520332,-3.921504896,-0.065959036,-3.721482707,-3.87747596
7,0.333333333,-0.007909603,-0.201491355,0.055364988,-0.248470424,-3.834520332,-4.0541142,-0.170506905,-3.134856379,-1.599756294
8,0,0.075867285,1.15714085,0.91149984,,,,0.050973371,-3.565559027,-1.741795149
8,0.016666667,0.076716841,1.097714866,0.882469921,0.133728791,-3.537102981,-2.101457791,0.050973371,-3.565559027,-1.741795149
8,0.033333333,0.074116502,1.038432915,0.849399229,0.133728791,-3.537102981,-2.189261483,-0.156020348,-3.556917052,-1.984241482
8,0.05,0.075749901,0.979143574,0.817751963,0.133728791,-3.537102981,-2.277065175,0.098003923,-3.557360487,-1.898835983
8,0.066666667,0.075840096,0.917491241,0.779973299,0.133728791,-3.537102981,-2.364868868,0.005411688,-3.699139949,-2.266719841
8,0.083333333,0.078020794,0.855970621,0.740997611,0.133728791,-3.537102981,-2.45267256,0.130841931,-3.691237202,-2.338541294
8,0.1,0.075652152,0.792369164,0.698762911,0.133728791,-3.537102981,-2.540476252,-0.142118526,-3.816087452,-2.534081989
8,0.116666667,0.081550593,0.733324786,0.655965967,0.133728791,-3.537102981,-2.628279944,0.353906411,-3.542662667,-2.567816611
8,0.133333333,0.08162005,0.676630477,0.61042594,0.133728791,-3.537102981,-2.716083636,0.004167433,-3.401658537,-2.73240165
8,0.15,0.086512689,0.6130337,0.566438433,0.133728791,-3.537102981,-2.803887328,0.293558339,-3.81580663,-2.639250405
8,0.166666667,0.086981871,0.554183054,0.517102627,0.133728791,-3.537102981,-2.89169102,0.028150922,-3.531038752,-2.960148331
8,0.183333333,0.090969352,0.493648896,0.462985033,0.133728791,-3.537102981,-2.979494712,0.239248893,-3.632049458,-3.247055644
8,0.2,0.096428868,0.43424994,0.412302792,0.133728791,-3.537102981,-3.067298404,0.327570958,-3.563937353,-3.040934468
8,0.216666667,0.10056111,0.376065413,0.355641273,0.133728791,-3.537102981,-3.155102096,0.247934518,-3.491071618,-3.399691148
8,0.233333333,0.106359308,0.313857979,0.301986256,0.133728791,-3.537102981,-3.242905789,0.347891884,-3.732446071,-3.219301009
8,0.25,0.109814686,0.257597781,0.24485635,0.133728791,-3.537102981,-3.330709481,0.207322689,-3.375611836,-3.427794349
8,0.266666667,0.116251081,0.198301573,0.181593752,0.133728791,-3.537102981,-3.418513173,0.386183643,-3.557772526,-3.795755917
8,0.283333333,0.121862403,0.143036789,0.124947053,0.133728791,-3.537102981,-3.506316865,0.336679336,-3.315887031,-3.398801943
8,0.3,0.108121542,0.095915254,0.067632787,0.133728791,-3.537102981,-3.594120557,-0.824451642,-2.827292107,-3.438855974
8,0.316666667,0.090693573,0.070921706,0.059515197,0.133728791,-3.537102981,-3.681924249,-1.045678123,-1.499612856,-0.487055378
9,0,0.045798796,1.295944007,0.93254158,,,,-0.992765792,-3.789630856,-1.695930781
9,0.016666667,0.0292527,1.232783492,0.904276067,-0.585931597,-3.908619421,-1.822112447,-0.992765792,-3.789630856,-1.695930781
9,0.033333333,0.011560932,1.169672462,0.877685062,-0.585931597,-3.908619421,-1.970414987,-1.061506052,-3.78666179,-1.595460261
9,0.05,6.09E-05,1.108235415,0.845739398,-0.585931597,-3.908619421,-2.118717527,-0.689999678,-3.686222829,-1.916739892
9,0.066666667,-0.010799252,1.044609078,0.807747183,-0.585931597,-3.908619421,-2.267020067,-0.651611343,-3.817580243,-2.279532864
9,0.083333333,-0.021048298,0.980492111,0.768322675,-0.585931597,-3.908619421,-2.415322607,-0.614942758,-3.847018036,-2.365470513
9,0.1,-0.032603734,0.917902501,0.728609039,-0.585931597,-3.908619421,-2.563625148,-0.6933262,-3.755376595,-2.382818154
9,0.116666667,-0.047612712,0.847871723,0.682564567,-0.585931597,-3.908619421,-2.711927688,-0.900538641,-4.201846636,-2.762668321
9,0.133333333,-0.050612707,0.78587269,0.6348843,-0.585931597,-3.908619421,-2.860230228,-0.179999744,-3.719941996,-2.860816031
9,0.15,-0.061534948,0.721805836,0.58717795,-0.585931597,-3.908619421,-3.008532768,-0.655334423,-3.844011275,-2.862380978
9,0.166666667,-0.070702022,0.652880757,0.533138739,-0.585931597,-3.908619421,-3.156835308,-0.550024485,-4.135504695,-3.24235268
9,0.183333333,-0.081204177,0.58753829,0.482224528,-0.585931597,-3.908619421,-3.305137848,-0.63012926,-3.920548048,-3.054852617
9,0.2,-0.084377106,0.517959708,0.423502425,-0.585931597,-3.908619421,-3.453440389,-0.190375777,-4.174714885,-3.523326195
9,0.216666667,-0.095313067,0.45406904,0.362747885,-0.585931597,-3.908619421,-3.601742929,-0.656157659,-3.833440116,-3.645272423
9,0.233333333,-0.100031651,0.384604978,0.298361625,-0.585931597,-3.908619421,-3.750045469,-0.283115013,-4.167843737,-3.863175571
9,0.25,-0.10587243,0.320880459,0.239162177,-0.585931597,-3.908619421,-3.898348009,-0.350446726,-3.823471111,-3.551966861
9,0.266666667,-0.113384688,0.253821592,0.169067122,-0.585931597,-3.908619421,-4.046650549,-0.450735506,-4.023532027,-4.205703336
9,0.283333333,-0.120896946,0.186762725,0.098972066,-0.585931597,-3.908619421,-4.194953089,-0.450735506,-4.023532027,-4.205703336
9,0.3,-0.161881206,0.143784832,0.049000695,-0.585931597,-3.908619421,-4.34325563,-2.459055578,-2.578673552,-2.998282244
10,0,0.086303395,1.151743363,0.889785961,,,,0.152680834,-3.434455969,-1.49024026
10,0.016666667,0.088848075,1.09450243,0.864948624,0.48686967,-3.560079838,-1.923343221,0.152680834,-3.434455969,-1.49024026
10,0.033333333,0.09447446,1.03267514,0.834917367,0.48686967,-3.560079838,-2.008700468,0.337583099,-3.709637394,-1.801875369
10,0.05,0.099069077,0.973232739,0.803807542,0.48686967,-3.560079838,-2.094057715,0.275677016,-3.566544058,-1.866589535
10,0.066666667,0.104943714,0.909316403,0.769862868,0.48686967,-3.560079838,-2.179414962,0.352478238,-3.834980158,-2.036680401
10,0.083333333,0.111870819,0.849630473,0.733783105,0.48686967,-3.560079838,-2.264772209,0.415626287,-3.581155778,-2.16478581
10,0.1,0.116354445,0.787179325,0.696988902,0.48686967,-3.560079838,-2.350129456,0.269017569,-3.747068911,-2.207652163
10,0.116666667,0.122088641,0.727836354,0.656619717,0.48686967,-3.560079838,-2.435486703,0.344051718,-3.56057824,-2.422151096
10,0.133333333,0.133840309,0.669489689,0.614897628,0.48686967,-3.560079838,-2.52084395,0.705100126,-3.500799911,-2.50332535
10,0.15,0.139977579,0.606249336,0.57022924,0.48686967,-3.560079838,-2.606201197,0.3682362,-3.794421199,-2.680103283
10,0.166666667,0.148166236,0.546343874,0.527348094,0.48686967,-3.560079838,-2.691558444,0.491319364,-3.594327717,-2.572868782
10,0.183333333,0.158899107,0.485482231,0.477787632,0.48686967,-3.560079838,-2.776915692,0.643972267,-3.651698552,-2.973627697
10,0.2,0.167708789,0.427663631,0.428061842,0.48686967,-3.560079838,-2.862272939,0.528580939,-3.469116027,-2.983547435
10,0.216666667,0.179459963,0.366500643,0.377991455,0.48686967,-3.560079838,-2.947630186,0.705070415,-3.669779251,-3.004223205
10,0.233333333,0.191211136,0.305337656,0.327921068,0.48686967,-3.560079838,-3.032987433,0.705070415,-3.669779251,-3.004223205
10,0.25,0.200865231,0.247531996,0.272000832,0.48686967,-3.560079838,-3.11834468,0.579245701,-3.468339583,-3.355214167
10,0.266666667,0.210603441,0.187948548,0.219468021,0.48686967,-3.560079838,-3.203701927,0.58429259,-3.575006857,-3.15196866
10,0.283333333,0.223896746,0.13117665,0.164273133,0.48686967,-3.560079838,-3.289059174,0.79759832,-3.406313911,-3.311693257
10,0.3,0.234803289,0.073146917,0.102425078,0.48686967,-3.560079838,-3.374416421,0.654392574,-3.481783996,-3.710883309
10,0.316666667,0.232992005,0.02811793,0.057005072,0.48686967,-3.560079838,-3.459773668,-0.108677044,-2.701739195,-2.725200379
10,0.333333333,0.21803454,-0.004768617,0.03539138,0.48686967,-3.560079838,-3.545130915,-0.897447912,-1.973192825,-1.296821491
11,0,0.076188919,1.549387108,0.853826876,,,,-0.992246102,-5.612404775,-1.532723746
11,0.016666667,0.059651484,1.455847029,0.82828148,0.132340253,-5.485030613,-2.034978248,-0.992246102,-5.612404775,-1.532723746
11,0.033333333,0.049650466,1.363431414,0.797953923,0.132340253,-5.485030613,-2.136203242,-0.60006111,-5.544936856,-1.819653422
11,0.05,0.040625875,1.264908368,0.766911192,0.132340253,-5.485030613,-2.237428236,-0.541475429,-5.911382786,-1.862563859
11,0.066666667,0.037798322,1.174783767,0.730462008,0.132340253,-5.485030613,-2.33865323,-0.169653181,-5.40747606,-2.186951061
11,0.083333333,0.035674693,1.0784338,0.693062109,0.132340253,-5.485030613,-2.439878224,-0.127417729,-5.780998001,-2.24399394
11,0.1,0.037875874,0.982992756,0.648131994,0.132340253,-5.485030613,-2.541103218,0.132070844,-5.72646267,-2.695806869
11,0.116666667,0.036067199,0.890872925,0.606036792,0.132340253,-5.485030613,-2.642328213,-0.108520523,-5.527189854,-2.525712152
11,0.133333333,0.039533785,0.798332218,0.558131093,0.132340253,-5.485030613,-2.743553207,0.20799519,-5.552442409,-2.874341926
11,0.15,0.04381916,0.706129277,0.510312996,0.132340253,-5.485030613,-2.844778201,0.257122464,-5.532176486,-2.8690858
11,0.166666667,0.049817699,0.611131568,0.457560121,0.132340253,-5.485030613,-2.946003195,0.359912372,-5.699862512,-3.165172529
11,0.183333333,0.054808838,0.520828438,0.406437651,0.132340253,-5.485030613,-3.047228189,0.299468313,-5.418187787,-3.067348159
11,0.2,0.059810559,0.429441647,0.353402484,0.132340253,-5.485030613,-3.148453183,0.300103274,-5.48320749,-3.182110045
11,0.216666667,0.067416355,0.337736146,0.295441705,0.132340253,-5.485030613,-3.249678177,0.456347783,-5.502330029,-3.477646765
11,0.233333333,0.076119495,0.249784276,0.235504196,0.132340253,-5.485030613,-3.350903172,0.522188405,-5.277112214,-3.596250545
11,0.25,0.079134644,0.166527235,0.176681172,0.132340253,-5.485030613,-3.452128166,0.180908905,-4.995422439,-3.529381437
11,0.266666667,0.096662002,0.080052094,0.116748878,0.132340253,-5.485030613,-3.55335316,1.051641521,-5.188508463,-3.595937626
11,0.283333333,0.090465279,0.025764827,0.116400733,0.132340253,-5.485030613,-3.654578154,-0.371803388,-3.257236049,-0.020888684
12,0,0.087414819,1.6474803,0.833884743,,,,-1.549553632,-4.823737264,-1.498572862
12,0.016666667,0.061588925,1.567084679,0.808908528,-0.849349727,-5.196924698,-1.366119565,-1.549553632,-4.823737264,-1.498572862
12,0.033333333,0.035763031,1.486689058,0.783932314,-0.849349727,-5.196924698,-1.544652088,-1.549553632,-4.823737264,-1.498572862
12,0.05,0.02217977,1.407982775,0.759999549,-0.849349727,-5.196924698,-1.72318461,-0.814995678,-4.722376952,-1.435965931
12,0.066666667,-0.002429504,1.314487472,0.731492152,-0.849349727,-5.196924698,-1.901717133,-1.476556479,-5.609718202,-1.710443799
12,0.083333333,-0.011243355,1.239928882,0.697509976,-0.849349727,-5.196924698,-2.080249656,-0.528831029,-4.473515403,-2.038930572
12,0.1,-0.027887489,1.153749478,0.66324605,-0.849349727,-5.196924698,-2.258782178,-0.998648025,-5.170764228,-2.055835551
12,0.116666667,-0.043586763,1.066107296,0.623183913,-0.849349727,-5.196924698,-2.437314701,-0.941956483,-5.258530917,-2.403728205
12,0.133333333,-0.056866978,0.981221814,0.579268879,-0.849349727,-5.196924698,-2.615847224,-0.796812898,-5.093128915,-2.634902074
12,0.15,-0.072565603,0.894413475,0.53305939,-0.849349727,-5.196924698,-2.794379746,-0.941917476,-5.208500342,-2.772569308
12,0.166666667,-0.083095747,0.807195845,0.485358895,-0.849349727,-5.196924698,-2.972912269,-0.631808616,-5.233057819,-2.862029726
12,0.183333333,-0.093278899,0.719043375,0.433813177,-0.849349727,-5.196924698,-3.151444792,-0.610989121,-5.289148164,-3.092743083
12,0.2,-0.104090575,0.626882142,0.378462226,-0.849349727,-5.196924698,-3.329977314,-0.648700607,-5.529673991,-3.321057059
12,0.216666667,-0.121495265,0.542865962,0.323729719,-0.849349727,-5.196924698,-3.508509837,-1.044281356,-5.040970834,-3.283950378
12,0.233333333,-0.129327345,0.448426671,0.264069737,-0.849349727,-5.196924698,-3.68704236,-0.469924805,-5.666357412,-3.57959893
12,0.25,-0.139083612,0.356399909,0.198536109,-0.849349727,-5.196924698,-3.865574882,-0.585376038,-5.521605755,-3.932017658
12,0.266666667,-0.148839879,0.264373146,0.133002482,-0.849349727,-5.196924698,-4.044107405,-0.585376038,-5.521605755,-3.932017658
12,0.283333333,-0.173660262,0.184669075,0.070733658,-0.849349727,-5.196924698,-4.222639928,-1.489222989,-4.782244283,-3.736129443
13,0,0.070533885,1.592433064,0.850571952,,,,-1.424830527,-4.63477831,-1.436613255
13,0.016666667,0.04678671,1.515186759,0.826628398,-0.880883421,-5.024847497,-1.82559118,-1.424830527,-4.63477831,-1.436613255
13,0.033333333,0.023045685,1.437203843,0.796252539,-0.880883421,-5.024847497,-1.991071981,-1.424461485,-4.678974964,-1.822551562
13,0.05,0.00229433,1.35724293,0.761151478,-0.880883421,-5.024847497,-2.156552782,-1.245081272,-4.797654768,-2.106063663
13,0.066666667,-0.018315093,1.27577479,0.723639585,-0.880883421,-5.024847497,-2.322033584,-1.236565416,-4.888088389,-2.250713549
13,0.083333333,-0.029896859,1.198277152,0.683948881,-0.880883421,-5.024847497,-2.487514385,-0.694905954,-4.649858326,-2.38144225
13,0.1,-0.048923481,1.113267523,0.641484301,-0.880883421,-5.024847497,-2.652995186,-1.141597302,-5.100577698,-2.547874795
13,0.116666667,-0.064220023,1.030230907,0.596518191,-0.880883421,-5.024847497,-2.818475987,-0.917792521,-4.98219699,-2.697966611
13,0.133333333,-0.080818089,0.944303408,0.543988231,-0.880883421,-5.024847497,-2.983956788,-0.995883997,-5.155649943,-3.151797599
13,0.15,-0.092788427,0.860190025,0.492544874,-0.880883421,-5.024847497,-3.149437589,-0.718220248,-5.046802949,-3.086601388
13,0.166666667,-0.104653863,0.774398513,0.440514652,-0.880883421,-5.024847497,-3.31491839,-0.711926157,-5.147490771,-3.121813356
13,0.183333333,-0.114512817,0.686946886,0.381280856,-0.880883421,-5.024847497,-3.480399191,-0.591537269,-5.247097583,-3.554027748
13,0.2,-0.125929264,0.601119388,0.321656854,-0.880883421,-5.024847497,-3.645879992,-0.684986814,-5.149649908,-3.577440141
13,0.216666667,-0.136977434,0.516808266,0.263395402,-0.880883421,-5.024847497,-3.811360793,-0.662890212,-5.058667279,-3.495687074
13,0.233333333,-0.147371113,0.428982493,0.19550045,-0.880883421,-5.024847497,-3.976841595,-0.623620691,-5.269546399,-4.073697152
13,0.25,-0.162348034,0.345241805,0.129530973,-0.880883421,-5.024847497,-4.142322396,-0.898615272,-5.024441267,-3.958168637
13,0.266666667,-0.177324955,0.261501117,0.063561495,-0.880883421,-5.024847497,-4.307803197,-0.898615272,-5.024441267,-3.958168637
14,0,0.084647639,1.632914102,0.855814251,,,,-1.680136827,-4.674147598,-1.134147806
14,0.016666667,0.056645359,1.555011642,0.836911788,-0.829386266,-5.148063237,-1.693239963,-1.680136827,-4.674147598,-1.134147806
14,0.033333333,0.026112336,1.471621817,0.80487428,-0.829386266,-5.148063237,-1.870520317,-1.831981384,-5.003389523,-1.922250481
14,0.05,0.006913978,1.392179274,0.772496593,-0.829386266,-5.148063237,-2.04780067,-1.151901463,-4.766552558,-1.942661238
14,0.066666667,-0.026007308,1.299853625,0.73426136,-0.829386266,-5.148063237,-2.225081024,-1.975277151,-5.539538953,-2.294113983
14,0.083333333,-0.034268406,1.221268699,0.700084048,-0.829386266,-5.148063237,-2.402361378,-0.495665885,-4.715095584,-2.050638702
14,0.1,-0.055550542,1.132980351,0.656863925,-0.829386266,-5.148063237,-2.579641731,-1.276928159,-5.297300879,-2.593207397
14,0.116666667,-0.07016927,1.048138532,0.611295274,-0.829386266,-5.148063237,-2.756922085,-0.877123715,-5.090509107,-2.73411903
14,0.133333333,-0.08495743,0.95908213,0.563536387,-0.829386266,-5.148063237,-2.934202439,-0.887289587,-5.343384135,-2.865533236
14,0.15,-0.095554121,0.875206538,0.511896297,-0.829386266,-5.148063237,-3.111482792,-0.635801448,-5.032535523,-3.09840539
14,0.166666667,-0.104716021,0.791572571,0.460790196,-0.829386266,-5.148063237,-3.288763146,-0.549713999,-5.018038003,-3.066366075
14,0.183333333,-0.115738683,0.702110586,0.401744924,-0.829386266,-5.148063237,-3.4660435,-0.661359745,-5.367719125,-3.542716305
14,0.2,-0.122379474,0.612999318,0.342681985,-0.829386266,-5.148063237,-3.643323853,-0.398447453,-5.34667604,-3.54377633
14,0.216666667,-0.13045242,0.526016017,0.280085474,-0.829386266,-5.148063237,-3.820604207,-0.484376783,-5.218998078,-3.755790662
14,0.233333333,-0.13217594,0.443547193,0.219617741,-0.829386266,-5.148063237,-3.997884561,-0.103411186,-4.948129467,-3.628064013
14,0.25,-0.140580806,0.354341086,0.149379913,-0.829386266,-5.148063237,-4.175164914,-0.504291965,-5.352366369,-4.214269652
14,0.266666667,-0.148985672,0.26513498,0.079142086,-0.829386266,-5.148063237,-4.352445268,-0.504291965,-5.352366369,-4.214269652
15,0,0.106338925,1.502723702,0.903768012,,,,-1.028533141,-4.331665187,-1.170551995
15,0.016666667,0.089196706,1.430529282,0.884258812,-0.49060319,-4.513819992,-1.404575631,-1.028533141,-4.331665187,-1.170551995
15,0.033333333,0.070452936,1.356963564,0.862135827,-0.49060319,-4.513819992,-1.554664317,-1.124626258,-4.413943106,-1.327379125
15,0.05,0.060514347,1.286219296,0.836215864,-0.49060319,-4.513819992,-1.704753004,-0.5963153,-4.244656063,-1.555197746
15,0.066666667,0.051857813,1.219272978,0.805795339,-0.49060319,-4.513819992,-1.85484169,-0.51939203,-4.016779095,-1.825231494
15,0.083333333,0.036755488,1.137380849,0.777877749,-0.49060319,-4.513819992,-2.004930377,-0.906139543,-4.913527728,-1.675055441
15,0.1,0.0259234,1.061894469,0.74350529,-0.49060319,-4.513819992,-2.155019063,-0.649925254,-4.529182809,-2.062347528
15,0.116666667,0.017465398,0.987088023,0.705718059,-0.49060319,-4.513819992,-2.30510775,-0.507480118,-4.488386733,-2.267233854
15,0.133333333,0.008483265,0.911361169,0.662885064,-0.49060319,-4.513819992,-2.455196436,-0.538927973,-4.543611226,-2.569979675
15,0.15,-0.002735309,0.834569661,0.619671625,-0.49060319,-4.513819992,-2.605285122,-0.673114471,-4.607490488,-2.592806338
15,0.166666667,-0.009286085,0.757317122,0.576266528,-0.49060319,-4.513819992,-2.755373809,-0.39304652,-4.635152353,-2.604305827
15,0.183333333,-0.011443489,0.68299959,0.527722734,-0.49060319,-4.513819992,-2.905462495,-0.129444284,-4.459051893,-2.912627687
15,0.2,-0.019876954,0.605577098,0.47880671,-0.49060319,-4.513819992,-3.055551182,-0.506007892,-4.645349534,-2.934961389
15,0.216666667,-0.021390236,0.525745082,0.422449388,-0.49060319,-4.513819992,-3.205639868,-0.090796907,-4.789920982,-3.381439332
15,0.233333333,-0.027416124,0.453577324,0.366991762,-0.49060319,-4.513819992,-3.355728555,-0.361553264,-4.330065459,-3.327457557
15,0.25,-0.030925046,0.374854821,0.306812892,-0.49060319,-4.513819992,-3.505817241,-0.210535356,-4.723350178,-3.610732216
15,0.266666667,-0.034183204,0.302499861,0.248314407,-0.49060319,-4.513819992,-3.655905927,-0.195489435,-4.341297589,-3.509909123
15,0.283333333,-0.037441361,0.230144902,0.189815921,-0.49060319,-4.513819992,-3.805994614,-0.195489435,-4.341297589,-3.509909123
15,0.3,-0.044459288,0.147836019,0.121403645,-0.49060319,-4.513819992,-3.9560833,-0.421075628,-4.938532956,-4.104736564
15,0.316666667,-0.087398372,0.097768119,0.077436775,-0.49060319,-4.513819992,-4.106171987,-2.576345028,-3.004073992,-2.638012208
16,0,0.032484881,1.398330964,0.897924237,,,,-0.901673001,-4.309335075,-1.127666979
16,0.016666667,0.017456998,1.326508713,0.879129788,-0.650073,-4.593041159,-1.642257942,-0.901673001,-4.309335075,-1.127666979
16,0.033333333,0.005429436,1.259155284,0.852368226,-0.650073,-4.593041159,-1.756162638,-0.721653705,-4.041205726,-1.605693729
16,0.05,-0.010859129,1.179934369,0.832338019,-0.650073,-4.593041159,-1.870067334,-0.977313885,-4.753254932,-1.201812374
16,0.066666667,-0.019754656,1.108088738,0.804340091,-0.650073,-4.593041159,-1.98397203,-0.533731628,-4.310737866,-1.679875722
16,0.083333333,-0.03005496,1.034733867,0.77362788,-0.650073,-4.593041159,-2.097876727,-0.618018239,-4.401292248,-1.842732654
16,0.1,-0.044938561,0.958974564,0.737879836,-0.650073,-4.593041159,-2.211781423,-0.893016079,-4.545558142,-2.144882657
16,0.116666667,-0.060221982,0.878776029,0.699817894,-0.650073,-4.593041159,-2.325686119,-0.917005283,-4.811912106,-2.283716493
16,0.133333333,-0.069176627,0.806054926,0.662460098,-0.650073,-4.593041159,-2.439590815,-0.537278656,-4.363266192,-2.24146775
16,0.15,-0.078656025,0.728923939,0.615282644,-0.650073,-4.593041159,-2.553495511,-0.568763902,-4.627859217,-2.830647234
16,0.166666667,-0.08944551,0.650932482,0.571334095,-0.650073,-4.593041159,-2.667400207,-0.64736908,-4.679487428,-2.636912963
16,0.183333333,-0.102379235,0.572262353,0.523648862,-0.650073,-4.593041159,-2.781304903,-0.776023527,-4.720207732,-2.861113994
16,0.2,-0.110467561,0.495696913,0.473363654,-0.650073,-4.593041159,-2.8952096,-0.485299582,-4.593926388,-3.01711246
16,0.216666667,-0.121617496,0.417877243,0.418330172,-0.650073,-4.593041159,-3.009114296,-0.66899606,-4.66918023,-3.302008902
16,0.233333333,-0.129534432,0.330469539,0.359518879,-0.650073,-4.593041159,-3.123018992,-0.475016188,-5.244462249,-3.528677577
16,0.25,-0.138006718,0.252486935,0.300578699,-0.650073,-4.593041159,-3.236923688,-0.508337153,-4.678956219,-3.536410808
16,0.266666667,-0.139764002,0.178838453,0.248169309,-0.650073,-4.593041159,-3.350828384,-0.105437019,-4.418908902,-3.144563431
16,0.283333333,-0.158646533,0.094206143,0.176562092,-0.650073,-4.593041159,-3.46473308,-1.132951872,-5.077938612,-4.296432982
16,0.3,-0.164640503,0.012395063,0.110723035,-0.650073,-4.593041159,-3.578637776,-0.359638217,-4.908664842,-3.950343434
16,0.316666667,-0.18011329,-0.040109646,0.097262141,-0.650073,-4.593041159,-3.692542472,-0.928367214,-3.150282506,-0.807653635
16,0.333333333,-0.195586077,-0.092614354,0.083801247,-0.650073,-4.593041159,-3.806447169,-0.928367214,-3.150282506,-0.807653635
17,0,0.04132583,1.503254817,0.889012968,,,,-0.575676916,-4.239646613,-1.274583895
17,0.016666667,0.031731215,1.43259404,0.867769903,-0.552143755,-4.518137396,-1.215756699,-0.575676916,-4.239646613,-1.274583895
17,0.033333333,0.017298514,1.362013204,0.848899788,-0.552143755,-4.518137396,-1.367076087,-0.865962087,-4.234850151,-1.132206947
17,0.05,0.004711704,1.288315522,0.825396967,-0.552143755,-4.518137396,-1.518395475,-0.755208546,-4.421860917,-1.410169211
17,0.066666667,-0.004233501,1.219500771,0.802958611,-0.552143755,-4.518137396,-1.669714862,-0.536712303,-4.128885088,-1.346301418
17,0.083333333,-0.016330123,1.141962052,0.774078646,-0.552143755,-4.518137396,-1.82103425,-0.725797362,-4.652323147,-1.732797846
17,0.1,-0.023854542,1.069174047,0.740296895,-0.552143755,-4.518137396,-1.972353637,-0.451465105,-4.367280275,-2.026905092
17,0.116666667,-0.034386244,0.993666238,0.707391828,-0.552143755,-4.518137396,-2.123673025,-0.631902147,-4.53046852,-1.974303997
17,0.133333333,-0.046599736,0.918512022,0.671594896,-0.552143755,-4.518137396,-2.274992413,-0.732809539,-4.509252963,-2.14781594
17,0.15,-0.057196642,0.84261515,0.632812102,-0.552143755,-4.518137396,-2.4263118,-0.635814333,-4.553812318,-2.32696764
17,0.166666667,-0.062921254,0.768059953,0.589828231,-0.552143755,-4.518137396,-2.577631188,-0.3434767,-4.473311836,-2.579032237
17,0.183333333,-0.073204745,0.692447181,0.543746458,-0.552143755,-4.518137396,-2.728950575,-0.617009468,-4.53676634,-2.764906417
17,0.2,-0.083595095,0.614470659,0.49697094,-0.552143755,-4.518137396,-2.880269963,-0.623421018,-4.678591311,-2.806531052
17,0.216666667,-0.088549125,0.534705618,0.446040186,-0.552143755,-4.518137396,-3.03158935,-0.297241767,-4.785902475,-3.055845234
17,0.233333333,-0.094643059,0.459654807,0.393506546,-0.552143755,-4.518137396,-3.182908738,-0.365636048,-4.503048672,-3.152018432
17,0.25,-0.100439792,0.381099658,0.336244144,-0.552143755,-4.518137396,-3.334228126,-0.347803995,-4.713308942,-3.435744079
17,0.266666667,-0.113134264,0.308000344,0.277295664,-0.552143755,-4.518137396,-3.485547513,-0.761668317,-4.385958833,-3.536908817
17,0.283333333,-0.112243592,0.232828361,0.218844957,-0.552143755,-4.518137396,-3.636866901,0.053440322,-4.510318938,-3.507042413
17,0.3,-0.123836051,0.150021632,0.155104356,-0.552143755,-4.518137396,-3.788186288,-0.695547547,-4.968403732,-3.824436074
17,0.316666667,-0.140276141,0.081869461,0.100703784,-0.552143755,-4.518137396,-3.939505676,-0.986405394,-4.089130293,-3.264034347
17,0.333333333,-0.156716231,0.013717289,0.046303211,-0.552143755,-4.518137396,-4.090825064,-0.986405394,-4.089130293,-3.264034347
18,0,0.038226465,1.613459957,0.82046405,,,,-0.737966748,-4.36981328,-1.354530555
18,0.016666667,0.025927019,1.540629736,0.79788854,-0.189828135,-4.372005967,-1.487539922,-0.737966748,-4.36981328,-1.354530555
18,0.033333333,0.020743602,1.470572375,0.775511467,-0.189828135,-4.372005967,-1.635015296,-0.311005041,-4.203441633,-1.342624438
18,0.05,0.018132546,1.403572566,0.747546949,-0.189828135,-4.372005967,-1.782490669,-0.156663363,-4.019988523,-1.677871027
18,0.066666667,0.001904043,1.323584625,0.711643146,-0.189828135,-4.372005967,-1.929966043,-0.973710165,-4.799276476,-2.154228182
18,0.083333333,0.004438639,1.253390107,0.68448473,-0.189828135,-4.372005967,-2.077441416,0.152075785,-4.211671058,-1.629505008
18,0.1,-0.002553018,1.180380143,0.646836142,-0.189828135,-4.372005967,-2.22491679,-0.419499443,-4.380597891,-2.258915251
18,0.116666667,-0.00791348,1.107520682,0.607834411,-0.189828135,-4.372005967,-2.372392163,-0.321627711,-4.37156766,-2.340103842
18,0.133333333,-0.00976517,1.036653717,0.566464108,-0.189828135,-4.372005967,-2.519867537,-0.111101395,-4.252017879,-2.482218219
18,0.15,-0.013550955,0.963002064,0.52283781,-0.189828135,-4.372005967,-2.66734291,-0.227147081,-4.419099168,-2.617577841
18,0.166666667,-0.016033732,0.887437317,0.475468779,-0.189828135,-4.372005967,-2.814818284,-0.148966614,-4.533884847,-2.8421419
18,0.183333333,-0.017495424,0.814828913,0.42453208,-0.189828135,-4.372005967,-2.962293657,-0.087701531,-4.35650422,-3.056201904
18,0.2,-0.016381366,0.745935212,0.375580591,-0.189828135,-4.372005967,-3.109769031,0.066843439,-4.133622048,-2.937089348
18,0.216666667,-0.017222851,0.667134432,0.323743514,-0.189828135,-4.372005967,-3.257244404,-0.050489082,-4.728046802,-3.110224629
18,0.233333333,-0.019689135,0.595308806,0.270712563,-0.189828135,-4.372005967,-3.404719778,-0.147977034,-4.309537601,-3.181857082
18,0.25,-0.02405104,0.520139951,0.213415407,-0.189828135,-4.372005967,-3.552195151,-0.261714278,-4.510131265,-3.437829329
18,0.266666667,-0.019765752,0.453631697,0.149839181,-0.189828135,-4.372005967,-3.699670525,0.257117237,-3.990495236,-3.814573576
18,0.283333333,-0.018316085,0.376135898,0.090588298,-0.189828135,-4.372005967,-3.847145898,0.086980067,-4.649747973,-3.555052967
19,0,0.092176538,1.550848422,0.843586687,,,,-0.957761899,-4.446044649,-0.795115687
19,0.016666667,0.076213839,1.476747678,0.830334759,-0.451055924,-4.651226478,-1.115982134,-0.957761899,-4.446044649,-0.795115687
19,0.033333333,0.064014775,1.403484763,0.810940148,-0.451055924,-4.651226478,-1.26018815,-0.731943829,-4.395774882,-1.163676687
19,0.05,0.052092513,1.326816096,0.793067746,-0.451055924,-4.651226478,-1.404394165,-0.715335737,-4.600120056,-1.072344104
19,0.066666667,0.042266966,1.250927733,0.769376387,-0.451055924,-4.651226478,-1.548600181,-0.589532821,-4.553301747,-1.421481555
19,0.083333333,0.037870115,1.177539669,0.742479379,-0.451055924,-4.651226478,-1.692806197,-0.263811052,-4.403283854,-1.613820425
19,0.1,0.026189178,1.097514277,0.712766136,-0.451055924,-4.651226478,-1.837012213,-0.700856241,-4.801523507,-1.782794627
19,0.116666667,0.018827541,1.018547953,0.681098182,-0.451055924,-4.651226478,-1.981218228,-0.441698192,-4.737979444,-1.900077241
19,0.133333333,0.010872878,0.942389613,0.646451678,-0.451055924,-4.651226478,-2.125424244,-0.47727981,-4.569500394,-2.078790193
19,0.15,0.001948555,0.862423787,0.608110196,-0.451055924,-4.651226478,-2.26963026,-0.535459373,-4.797949598,-2.300488968
19,0.166666667,-0.001671661,0.786731858,0.569757479,-0.451055924,-4.651226478,-2.413836276,-0.217212961,-4.541515738,-2.301163025
19,0.183333333,-0.004789335,0.708942547,0.525883895,-0.451055924,-4.651226478,-2.558042291,-0.187060465,-4.667358662,-2.632415038
19,0.2,-0.013505563,0.625531226,0.481774927,-0.451055924,-4.651226478,-2.702248307,-0.522973649,-5.004679235,-2.646538067
19,0.216666667,-0.015037753,0.546222725,0.432946187,-0.451055924,-4.651226478,-2.846454323,-0.091931425,-4.758510035,-2.929724393
19,0.233333333,-0.020892261,0.468368253,0.384564358,-0.451055924,-4.651226478,-2.990660339,-0.351270462,-4.671268368,-2.902909734
19,0.25,-0.023560221,0.386404667,0.331205429,-0.451055924,-4.651226478,-3.134866354,-0.160077606,-4.917815164,-3.201535739
19,0.266666667,-0.029254427,0.311082109,0.277240939,-0.451055924,-4.651226478,-3.27907237,-0.341652358,-4.519353434,-3.237869426
19,0.283333333,-0.042896075,0.237335211,0.221931416,-0.451055924,-4.651226478,-3.423278386,-0.818498883,-4.424813908,-3.318571339
19,0.3,-0.056537723,0.163588312,0.166621894,-0.451055924,-4.651226478,-3.567484402,-0.818498883,-4.424813908,-3.318571339
19,0.316666667,-0.070179371,0.089841414,0.111312372,-0.451055924,-4.651226478,-3.711690417,-0.818498883,-4.424813908,-3.318571339
19,0.333333333,-0.083821019,0.016094515,0.056002849,-0.451055924,-4.651226478,-3.855896433,-0.818498883,-4.424813908,-3.318571339
20,0,0.01563736,1.53274844,0.800114108,,,,0,0,0
20,0.016666667,0.01563736,1.53274844,0.800114108,-0.707229229,-4.611224683,-1.457181548,0,0,0
20,0.033333333,0.001695841,1.459527949,0.7779155,-0.707229229,-4.611224683,-1.604158323,-0.836491151,-4.393229487,-1.331916519
20,0.05,-0.008771661,1.387541922,0.754040097,-0.707229229,-4.611224683,-1.751135099,-0.628050109,-4.319161606,-1.432524167
20,0.066666667,-0.026505063,1.308201413,0.721987439,-0.707229229,-4.611224683,-1.898111874,-1.064004078,-4.760430548,-1.923159467
20,0.083333333,-0.033156265,1.236495072,0.691477695,-0.707229229,-4.611224683,-2.04508865,-0.399072129,-4.302380421,-1.830584659
20,0.1,-0.048394449,1.156927093,0.654133278,-0.707229229,-4.611224683,-2.192065425,-0.914291087,-4.774078736,-2.24066503
20,0.116666667,-0.062096833,1.080930771,0.615306852,-0.707229229,-4.611224683,-2.3390422,-0.822143039,-4.559779325,-2.329585556
20,0.133333333,-0.072742472,1.004438059,0.573275571,-0.707229229,-4.611224683,-2.486018976,-0.63873832,-4.589562764,-2.52187687
20,0.15,-0.083395916,0.921346634,0.529446617,-0.707229229,-4.611224683,-2.632995751,-0.63920661,-4.985485462,-2.629737186
20,0.166666667,-0.097300284,0.842966992,0.478260297,-0.707229229,-4.611224683,-2.779972527,-0.834262118,-4.702778504,-3.071179221
20,0.183333333,-0.108471933,0.764676952,0.431250862,-0.707229229,-4.611224683,-2.926949302,-0.670298922,-4.697402426,-2.820566125
20,0.2,-0.11732422,0.683081927,0.378109368,-0.707229229,-4.611224683,-3.073926078,-0.53113722,-4.89570147,-3.188489639
20,0.216666667,-0.131276987,0.603539374,0.323254559,-0.707229229,-4.611224683,-3.220902853,-0.837166028,-4.772553219,-3.29128852
20,0.233333333,-0.139427421,0.521042707,0.264986698,-0.707229229,-4.611224683,-3.367879629,-0.489026041,-4.949800015,-3.496071647
20,0.25,-0.150298846,0.436888677,0.201119982,-0.707229229,-4.611224683,-3.514856404,-0.652285508,-5.049241766,-3.832002979
20,0.266666667,-0.164367731,0.364258805,0.152592483,-0.707229229,-4.611224683,-3.66183318,-0.844133098,-4.357792363,-2.911649934
20,0.283333333,-0.178436616,0.291628932,0.104064984,-0.707229229,-4.611224683,-3.808809955,-0.844133098,-4.357792363,-2.911649934
20,0.3,-0.192505501,0.218999059,0.055537485,-0.707229229,-4.611224683,-3.955786731,-0.844133098,-4.357792363,-2.911649934
21,0,0.063446224,1.368731378,0.885179664,,,,-0.413988544,-3.792715053,-0.50370562
21,0.016666667,0.056546415,1.30551946,0.876784571,-0.432772246,-4.071057615,-0.597824829,-0.413988544,-3.792715053,-0.50370562
21,0.033333333,0.049732847,1.244211918,0.866650661,-0.432772246,-4.071057615,-0.754215731,-0.408814034,-3.678452557,-0.60803462
21,0.05,0.04530135,1.183692646,0.855448148,-0.432772246,-4.071057615,-0.910606633,-0.265889843,-3.631156283,-0.672150772
21,0.066666667,0.034598377,1.114282662,0.84132024,-0.432772246,-4.071057615,-1.066997535,-0.642178407,-4.164599062,-0.847674469
21,0.083333333,0.028580802,1.052179954,0.822743575,-0.432772246,-4.071057615,-1.223388438,-0.361054505,-3.72616248,-1.114599918
21,0.1,0.022135804,0.986949038,0.799813917,-0.432772246,-4.071057615,-1.37977934,-0.386699864,-3.913854979,-1.375779432
21,0.116666667,0.017883614,0.918575305,0.776399181,-0.432772246,-4.071057615,-1.536170242,-0.255131378,-4.102423982,-1.404884151
21,0.133333333,0.004716328,0.849922253,0.750031744,-0.432772246,-4.071057615,-1.692561144,-0.790037146,-4.119183117,-1.582046243
21,0.15,-0.001661194,0.783920036,0.720332779,-0.432772246,-4.071057615,-1.848952046,-0.382651367,-3.960132998,-1.781937896
21,0.166666667,-0.006383309,0.720928818,0.689879644,-0.432772246,-4.071057615,-2.005342948,-0.283326847,-3.779473077,-1.827188127
21,0.183333333,-0.015918102,0.649353967,0.652977597,-0.432772246,-4.071057615,-2.161733851,-0.572087589,-4.294491076,-2.214122783
21,0.2,-0.021426987,0.578644914,0.614315243,-0.432772246,-4.071057615,-2.318124753,-0.330533116,-4.2425432,-2.319741287
21,0.216666667,-0.028010185,0.508121629,0.573944908,-0.432772246,-4.071057615,-2.474515655,-0.394991908,-4.231397072,-2.422220049
21,0.233333333,-0.032546684,0.443126962,0.529093266,-0.432772246,-4.071057615,-2.630906557,-0.272189923,-3.899680003,-2.691098568
21,0.25,-0.043085959,0.372648881,0.482321471,-0.432772246,-4.071057615,-2.787297459,-0.632356506,-4.228684867,-2.806307693
21,0.266666667,-0.048558569,0.304078352,0.437034346,-0.432772246,-4.071057615,-2.943688362,-0.328356557,-4.114231734,-2.717227455
21,0.283333333,-0.054060839,0.230483458,0.382614087,-0.432772246,-4.071057615,-3.100079264,-0.330136217,-4.41569364,-3.265215581
21,0.3,-0.057937219,0.157276185,0.328387951,-0.432772246,-4.071057615,-3.256470166,-0.232582794,-4.39243637,-3.253568168
21,0.316666667,-0.06674069,0.08841092,0.272244474,-0.432772246,-4.071057615,-3.412861068,-0.528208264,-4.131915934,-3.368608577
21,0.333333333,-0.071287891,0.017286546,0.214664735,-0.432772246,-4.071057615,-3.56925197,-0.272832089,-4.267462423,-3.454784359
21,0.35,-0.075835093,-0.053837828,0.157084996,-0.432772246,-4.071057615,-3.725642872,-0.272832089,-4.267462423,-3.454784359
21,0.366666667,-0.090889522,-0.112885051,0.094074188,-0.432772246,-4.071057615,-3.882033775,-0.903265733,-3.542833408,-3.780648438
21,0.383333333,-0.131564393,-0.159591939,0.049132029,-0.432772246,-4.071057615,-4.038424677,-2.440492287,-2.802413291,-2.696529539
22,0,0.077429986,1.386668555,0.822454919,,,,0.058469185,-3.393670669,-0.821138844
22,0.016666667,0.078404472,1.330107378,0.808769272,0.11111212,-3.521378829,-0.87931261,0.058469185,-3.393670669,-0.821138844
22,0.033333333,0.080920628,1.272286898,0.795441941,0.11111212,-3.521378829,-1.007393924,0.150969352,-3.469228784,-0.799639828
22,0.05,0.082502747,1.216021144,0.777612432,0.11111212,-3.521378829,-1.135475238,0.094927112,-3.375945245,-1.069770538
22,0.066666667,0.08643632,1.158508389,0.759834657,0.11111212,-3.521378829,-1.263556551,0.236014363,-3.450765263,-1.066666514
22,0.083333333,0.089913793,1.09813907,0.73837526,0.11111212,-3.521378829,-1.391637865,0.20864842,-3.622159191,-1.287563812
22,0.1,0.089780051,1.038802843,0.714830965,0.11111212,-3.521378829,-1.519719179,-0.008024542,-3.560173616,-1.41265771
22,0.116666667,0.091897859,0.980815463,0.689453806,0.11111212,-3.521378829,-1.647800493,0.127068496,-3.479242769,-1.522629568
22,0.133333333,0.092697859,0.924313013,0.658813927,0.11111212,-3.521378829,-1.775881806,0.047999978,-3.390147022,-1.838392698
22,0.15,0.095201152,0.862547798,0.62665707,0.11111212,-3.521378829,-1.90396312,0.150197619,-3.705912881,-1.92941146
22,0.166666667,0.095037272,0.804172275,0.595400333,0.11111212,-3.521378829,-2.032044434,-0.009832809,-3.502531367,-1.875404228
22,0.183333333,0.096641962,0.74352564,0.55952882,0.11111212,-3.521378829,-2.160125748,0.096281406,-3.638798142,-2.152290788
22,0.2,0.101786399,0.684753059,0.521423746,0.11111212,-3.521378829,-2.288207062,0.308666212,-3.52635485,-2.286304395
22,0.216666667,0.102827626,0.626378196,0.480340443,0.11111212,-3.521378829,-2.416288375,0.062473598,-3.50249177,-2.464998183
22,0.233333333,0.106274186,0.56439611,0.438706292,0.11111212,-3.521378829,-2.544369689,0.206793633,-3.718925126,-2.498049084
22,0.25,0.108531001,0.506855069,0.395521964,0.11111212,-3.521378829,-2.672451003,0.135408847,-3.452462469,-2.591059642
22,0.266666667,0.110044558,0.449839728,0.350642598,0.11111212,-3.521378829,-2.800532317,0.090813464,-3.420920494,-2.692761966
22,0.283333333,0.115226977,0.38701361,0.300404364,0.11111212,-3.521378829,-2.92861363,0.310945145,-3.769567094,-3.014294052
22,0.3,0.115668836,0.330806972,0.252093642,0.11111212,-3.521378829,-3.056694944,0.026511515,-3.372398264,-2.898643342
22,0.316666667,0.116107847,0.270801559,0.199244182,0.11111212,-3.521378829,-3.184776258,0.026340656,-3.600324788,-3.170967561
22,0.333333333,0.122537318,0.211496049,0.14381199,0.11111212,-3.521378829,-3.312857572,0.385768285,-3.558330551,-3.325931549
22,0.35,0.123036218,0.158119157,0.09213464,0.11111212,-3.521378829,-3.440938885,0.029933992,-3.20261356,-3.100640985
22,0.366666667,0.095365418,0.114637879,0.043314498,0.11111212,-3.521378829,-3.569020199,-1.660248016,-2.608876642,-2.929208523
23,0,0.089453456,1.249772473,0.831065633,,,,0.308765133,-2.958512098,-1.305778734
23,0.016666667,0.094599542,1.200463939,0.809302654,0.146472241,-3.101107061,-1.253173931,0.308765133,-2.958512098,-1.305778734
23,0.033333333,0.101495298,1.148941486,0.789082916,0.146472241,-3.101107061,-1.373675836,0.413745342,-3.091347178,-1.213184275
23,0.05,0.103198678,1.095293794,0.765531864,0.146472241,-3.101107061,-1.494177742,0.102202801,-3.218861517,-1.413063136
23,0.066666667,0.106067572,1.041964089,0.740399479,0.146472241,-3.101107061,-1.614679648,0.172133673,-3.199782288,-1.50794309
23,0.083333333,0.109880908,0.989585282,0.710811189,0.146472241,-3.101107061,-1.735181553,0.22880013,-3.142728411,-1.775297383
23,0.1,0.117675381,0.934076085,0.679548726,0.146472241,-3.101107061,-1.855683459,0.467668382,-3.330551813,-1.875747751
23,0.116666667,0.119377035,0.883706962,0.646225825,0.146472241,-3.101107061,-1.976185364,0.10209923,-3.022147384,-1.999374114
23,0.133333333,0.12293387,0.828948431,0.609598679,0.146472241,-3.101107061,-2.09668727,0.213410135,-3.285511872,-2.19762873
23,0.15,0.127801317,0.776857372,0.574363827,0.146472241,-3.101107061,-2.217189175,0.292046819,-3.1254635,-2.114091118
23,0.166666667,0.13151265,0.72250444,0.535611737,0.146472241,-3.101107061,-2.337691081,0.222679988,-3.261175964,-2.325125425
23,0.183333333,0.106791986,0.685560038,0.506355389,0.146472241,-3.101107061,-2.458192987,-1.483239825,-2.216664134,-1.755380844
23,0.2,0.111988569,0.634464722,0.463004862,0.146472241,-3.101107061,-2.578694892,0.31179494,-3.065718906,-2.601031633
23,0.216666667,0.117502623,0.580274708,0.415022389,0.146472241,-3.101107061,-2.699196798,0.330843257,-3.251400874,-2.878948401
23,0.233333333,0.120331951,0.531245171,0.372574781,0.146472241,-3.101107061,-2.819698703,0.169759691,-2.941772225,-2.546856444
23,0.25,0.129996276,0.474812585,0.321665663,0.146472241,-3.101107061,-2.940200609,0.579859509,-3.38595517,-3.05454712
23,0.266666667,0.134161349,0.42113165,0.27058691,0.146472241,-3.101107061,-3.060702514,0.249904336,-3.220856102,-3.064725187
23,0.283333333,0.132972304,0.373034805,0.219803162,0.146472241,-3.101107061,-3.18120442,-0.071342685,-2.885810644,-3.047024828
23,0.3,0.143567088,0.317319542,0.166397264,0.146472241,-3.101107061,-3.301706326,0.63568707,-3.342915786,-3.204353927
23,0.316666667,0.146440895,0.266268696,0.110468567,0.146472241,-3.101107061,-3.422208231,0.172428388,-3.063050794,-3.355721771
23,0.333333333,0.153145716,0.211747306,0.044868556,0.146472241,-3.101107061,-3.542710137,0.402289246,-3.271283383,-3.93600067
24,0,0.053831822,1.159928239,0.856968339,,,,0.238184457,-3.563355942,-1.214279162
24,0.016666667,0.057801562,1.100538974,0.836730353,0.168280353,-3.511431081,-1.29297108,0.238184457,-3.563355942,-1.214279162
24,0.033333333,0.060818104,1.045388132,0.814881876,0.168280353,-3.511431081,-1.420047527,0.180992494,-3.309050495,-1.310908618
24,0.05,0.062453341,0.986978378,0.791059862,0.168280353,-3.511431081,-1.547123973,0.098114239,-3.504585237,-1.429320873
24,0.066666667,0.064922998,0.92847647,0.764283447,0.168280353,-3.511431081,-1.67420042,0.148179378,-3.510114515,-1.606584889
24,0.083333333,0.065057707,0.869687095,0.736522716,0.168280353,-3.511431081,-1.801276867,0.008082533,-3.527362442,-1.665643866
24,0.1,0.064990419,0.808875385,0.705343053,0.168280353,-3.511431081,-1.928353313,-0.004037267,-3.648702603,-1.870779747
24,0.116666667,0.072554558,0.750051935,0.669866064,0.168280353,-3.511431081,-2.05542976,0.45384837,-3.529407034,-2.128619361
24,0.133333333,0.073504065,0.6968876,0.636702658,0.168280353,-3.511431081,-2.182506207,0.056970394,-3.189860079,-1.98980438
24,0.15,0.076710246,0.635552501,0.596184925,0.168280353,-3.511431081,-2.309582653,0.192370874,-3.680105961,-2.431063959
24,0.166666667,0.077900207,0.576342968,0.559095892,0.168280353,-3.511431081,-2.4366591,0.071397668,-3.552571951,-2.225342008
24,0.183333333,0.078837649,0.517883495,0.51676073,0.168280353,-3.511431081,-2.563735547,0.056246503,-3.507568389,-2.540109708
24,0.2,0.083483344,0.460262146,0.471571194,0.168280353,-3.511431081,-2.690811993,0.278741732,-3.457280955,-2.711372161
24,0.216666667,0.086302004,0.398379158,0.426257456,0.168280353,-3.511431081,-2.81788844,0.169119598,-3.712979253,-2.718824234
24,0.233333333,0.089826472,0.340884309,0.377629346,0.168280353,-3.511431081,-2.944964887,0.211468049,-3.449690983,-2.917686657
24,0.25,0.092584246,0.283307112,0.328480089,0.168280353,-3.511431081,-3.072041333,0.165466424,-3.454631812,-2.94895539
24,0.266666667,0.097524719,0.222592619,0.274267774,0.168280353,-3.511431081,-3.19911778,0.296428407,-3.642869568,-3.252738903
24,0.283333333,0.101594017,0.164237425,0.219544143,0.168280353,-3.511431081,-3.326194227,0.244157906,-3.501311615,-3.283417844
24,0.3,0.103819415,0.104178651,0.163997599,0.168280353,-3.511431081,-3.453270674,0.133523872,-3.603526453,-3.332792653
24,0.316666667,0.106646096,0.056523045,0.112601387,0.168280353,-3.511431081,-3.58034712,0.169600868,-2.859336345,-3.0837727
24,0.333333333,0.114440451,-0.009397171,0.045574483,0.168280353,-3.511431081,-3.707423567,0.467661297,-3.955212972,-4.021614271
25,0,0.034312669,1.316199777,0.865302323,,,,-0.132106343,-3.141511841,-1.164627357
25,0.016666667,0.032110896,1.263841246,0.845891867,-0.037313026,-3.321961648,-1.132606914,-0.132106343,-3.141511841,-1.164627357
25,0.033333333,0.033719905,1.214520286,0.828274663,-0.037313026,-3.321961648,-1.274348477,0.096540487,-2.959257588,-1.057032218
25,0.05,0.029085317,1.15478539,0.807142458,-0.037313026,-3.321961648,-1.416090041,-0.278075249,-3.58409378,-1.267932307
25,0.066666667,0.027180963,1.102317064,0.782927987,-0.037313026,-3.321961648,-1.557831604,-0.114261275,-3.148099543,-1.452868308
25,0.083333333,0.027595695,1.048236335,0.754978477,-0.037313026,-3.321961648,-1.699573168,0.024883943,-3.244843777,-1.676970588
25,0.1,0.029705839,0.991177074,0.724368692,-0.037313026,-3.321961648,-1.841314731,0.12660863,-3.423555611,-1.836587088
25,0.116666667,0.026431011,0.939345731,0.693312968,-0.037313026,-3.321961648,-1.983056294,-0.196489686,-3.109880601,-1.863343416
25,0.133333333,0.023933693,0.882216698,0.657260805,-0.037313026,-3.321961648,-2.124797858,-0.14983905,-3.427741966,-2.163129788
25,0.15,0.026967573,0.826327481,0.621189753,-0.037313026,-3.321961648,-2.266539421,0.182032789,-3.353353056,-2.164263109
25,0.166666667,0.022165349,0.772946382,0.582889083,-0.037313026,-3.321961648,-2.408280985,-0.288133465,-3.202865908,-2.298040203
25,0.183333333,0.023375357,0.716447324,0.540971092,-0.037313026,-3.321961648,-2.550022548,0.072600531,-3.389943515,-2.515079449
25,0.2,0.019962332,0.662969537,0.499890629,-0.037313026,-3.321961648,-2.691764111,-0.204781525,-3.208667224,-2.464827786
25,0.216666667,0.022909088,0.60592785,0.448753711,-0.037313026,-3.321961648,-2.833505675,0.176805352,-3.422501169,-3.068215112
25,0.233333333,0.021608345,0.551170707,0.402133581,-0.037313026,-3.321961648,-2.975247238,-0.078044563,-3.285428601,-2.797207771
25,0.25,0.021930199,0.49322732,0.352062979,-0.037313026,-3.321961648,-3.116988802,0.019311212,-3.476603238,-3.004236133
25,0.266666667,0.020748029,0.43792899,0.299174162,-0.037313026,-3.321961648,-3.258730365,-0.070930191,-3.317899772,-3.17332905
25,0.283333333,0.020548648,0.380682347,0.243810739,-0.037313026,-3.321961648,-3.400471929,-0.011962834,-3.434798598,-3.32180534
25,0.3,0.020606376,0.324539378,0.185417962,-0.037313026,-3.321961648,-3.542213492,0.003463672,-3.368578161,-3.503566642
25,0.316666667,0.020664104,0.268396408,0.127025185,-0.037313026,-3.321961648,-3.683955055,0.003463672,-3.368578161,-3.503566642
25,0.333333333,0.025337799,0.209775584,0.063740405,-0.037313026,-3.321961648,-3.825696619,0.280421717,-3.517249433,-3.7970868
26,0,0.087603147,1.23777678,0.824554286,,,,0.518515028,-3.222008021,-1.161847787
26,0.016666667,0.096245065,1.184076646,0.805190156,0.274876119,-3.41759358,-1.328167803,0.518515028,-3.222008021,-1.161847787
26,0.033333333,0.097152182,1.123464948,0.78562659,0.274876119,-3.41759358,-1.44553901,0.054427029,-3.636701879,-1.173813947
26,0.05,0.100974586,1.067346106,0.762412127,0.274876119,-3.41759358,-1.562910217,0.229344274,-3.367130508,-1.392867783
26,0.066666667,0.108179277,1.009492099,0.736859775,0.274876119,-3.41759358,-1.680281424,0.432281426,-3.471240435,-1.53314116
26,0.083333333,0.113939142,0.951522439,0.705090723,0.274876119,-3.41759358,-1.797652631,0.345591885,-3.478179568,-1.906143088
26,0.1,0.115415319,0.896765364,0.675983641,0.274876119,-3.41759358,-1.915023839,0.088570651,-3.285424518,-1.746424929
26,0.116666667,0.118795135,0.838077287,0.640735981,0.274876119,-3.41759358,-2.032395046,0.202788947,-3.521284622,-2.114859623
26,0.133333333,0.126854384,0.781712323,0.605697035,0.274876119,-3.41759358,-2.149766253,0.48355498,-3.381897848,-2.102336725
26,0.15,0.127148828,0.722244099,0.568823176,0.274876119,-3.41759358,-2.26713746,0.017666612,-3.56809342,-2.212431544
26,0.166666667,0.135820961,0.664869556,0.526864922,0.274876119,-3.41759358,-2.384508667,0.52032798,-3.442472604,-2.517495267
26,0.183333333,0.1399679,0.609502229,0.48848438,0.274876119,-3.41759358,-2.501879874,0.248816309,-3.322039638,-2.302832479
26,0.2,0.142393227,0.551956018,0.444436728,0.274876119,-3.41759358,-2.619251081,0.145519674,-3.452772649,-2.64285913
26,0.216666667,0.147385597,0.494257655,0.40029585,0.274876119,-3.41759358,-2.736622288,0.299542151,-3.461901748,-2.648452688
26,0.233333333,0.152854539,0.438296476,0.355468795,0.274876119,-3.41759358,-2.853993495,0.328136565,-3.357670754,-2.689623285
26,0.25,0.163692484,0.380142377,0.304457306,0.274876119,-3.41759358,-2.971364703,0.650276669,-3.489245966,-3.060689392
26,0.266666667,0.166543234,0.323244705,0.254244731,0.274876119,-3.41759358,-3.08873591,0.171045013,-3.413860321,-3.012754473
26,0.283333333,0.17029998,0.266575265,0.200798391,0.274876119,-3.41759358,-3.206107117,0.225404753,-3.400166406,-3.206780414
26,0.3,0.176736403,0.209887648,0.147155165,0.274876119,-3.41759358,-3.323478324,0.386185374,-3.401256962,-3.21859354
26,0.316666667,0.181510429,0.15467182,0.092190466,0.274876119,-3.41759358,-3.440849531,0.286441564,-3.312949732,-3.297881923
26,0.333333333,0.163589306,0.110928152,0.04055096,0.274876119,-3.41759358,-3.558220738,-1.075267372,-2.624620082,-3.098370368
27,0,0.071425534,1.403190679,0.825117272,,,,0.109103914,-3.327052575,-1.016937866
27,0.016666667,0.073243933,1.347739803,0.808168308,0.18541821,-3.356940317,-1.048335499,0.109103914,-3.327052575,-1.016937866
27,0.033333333,0.075828078,1.293331607,0.789639209,0.18541821,-3.356940317,-1.175581648,0.155048682,-3.264491766,-1.11174593
27,0.05,0.077942924,1.237831818,0.771009345,0.18541821,-3.356940317,-1.302827796,0.126890759,-3.329987327,-1.117791831
27,0.066666667,0.08246081,1.187961916,0.747581379,0.18541821,-3.356940317,-1.430073945,0.271073181,-2.992194087,-1.405677965
27,0.083333333,0.084263605,1.128717628,0.723125263,0.18541821,-3.356940317,-1.557320094,0.108167718,-3.554657324,-1.467366939
27,0.1,0.085195333,1.074382035,0.697681487,0.18541821,-3.356940317,-1.684566243,0.05590367,-3.26013556,-1.526626574
27,0.116666667,0.088518753,1.018950567,0.669798562,0.18541821,-3.356940317,-1.811812392,0.199405186,-3.3258881,-1.672975523
27,0.133333333,0.094817047,0.962727441,0.637566128,0.18541821,-3.356940317,-1.939058541,0.377897642,-3.373387537,-1.933946043
27,0.15,0.095455412,0.905905887,0.602892642,0.18541821,-3.356940317,-2.06630469,0.038301914,-3.409293226,-2.080409158
27,0.166666667,0.097360374,0.85033601,0.567135803,0.18541821,-3.356940317,-2.193550839,0.114297716,-3.334192649,-2.145410308
27,0.183333333,0.101829447,0.792350951,0.528341439,0.18541821,-3.356940317,-2.320796988,0.268144367,-3.479103556,-2.327661871
27,0.2,0.103281528,0.737974865,0.488214639,0.18541821,-3.356940317,-2.448043137,0.087124853,-3.262565116,-2.407608004
27,0.216666667,0.108859472,0.680076392,0.447692745,0.18541821,-3.356940317,-2.575289286,0.334676657,-3.47390843,-2.431313597
27,0.233333333,0.111002113,0.623246563,0.398197807,0.18541821,-3.356940317,-2.702535435,0.128558477,-3.409789701,-2.969696334
27,0.25,0.117275771,0.569724522,0.355351425,0.18541821,-3.356940317,-2.829781584,0.376419449,-3.211322486,-2.570782907
27,0.266666667,0.119910981,0.509171103,0.307153839,0.18541821,-3.356940317,-2.957027733,0.15811263,-3.633205098,-2.891855116
27,0.283333333,0.121922821,0.454365439,0.257116953,0.18541821,-3.356940317,-3.084273882,0.120710399,-3.288339879,-3.002213184
27,0.3,0.123934661,0.399559774,0.207080067,0.18541821,-3.356940317,-3.211520031,0.120710399,-3.288339879,-3.002213184
27,0.316666667,0.128104682,0.342033051,0.151340372,0.18541821,-3.356940317,-3.33876618,0.250201257,-3.451603376,-3.344381656
27,0.333333333,0.133001621,0.288890772,0.09887157,0.18541821,-3.356940317,-3.466012329,0.29381632,-3.188536774,-3.148128124
28,0,0.044101612,1.333392487,0.813800666,,,,0.420095547,-3.642529681,-1.138037723
28,0.016666667,0.051103205,1.272683659,0.79483337,0.467199779,-3.596289861,-1.264879149,0.420095547,-3.642529681,-1.138037723
28,0.033333333,0.059999644,1.215002315,0.774420143,0.467199779,-3.596289861,-1.372487676,0.53378634,-3.460880671,-1.224793627
28,0.05,0.068225136,1.154210231,0.754320531,0.467199779,-3.596289861,-1.480096202,0.493529505,-3.647524992,-1.205976741
28,0.066666667,0.075622726,1.091060137,0.729598478,0.467199779,-3.596289861,-1.587704729,0.443855414,-3.789005663,-1.483323142
28,0.083333333,0.082173494,1.031474118,0.702594705,0.467199779,-3.596289861,-1.695313256,0.393046112,-3.575161163,-1.620226392
28,0.1,0.091012921,0.970165106,0.673627948,0.467199779,-3.596289861,-1.802921783,0.530365573,-3.678540721,-1.738005448
28,0.116666667,0.097507535,0.909390859,0.643764056,0.467199779,-3.596289861,-1.910530309,0.389676837,-3.646454807,-1.791833496
28,0.133333333,0.106845162,0.846193884,0.609562742,0.467199779,-3.596289861,-2.018138836,0.560257624,-3.791818474,-2.052078825
28,0.15,0.115114042,0.786427698,0.57357227,0.467199779,-3.596289861,-2.125747363,0.496132832,-3.585971207,-2.159428342
28,0.166666667,0.119922524,0.726715123,0.538732316,0.467199779,-3.596289861,-2.233355889,0.288508908,-3.582754494,-2.090397249
28,0.183333333,0.1297874,0.665945003,0.498243861,0.467199779,-3.596289861,-2.340964416,0.591892551,-3.646207178,-2.429307278
28,0.2,0.136145258,0.608333187,0.458758355,0.467199779,-3.596289861,-2.448572943,0.381471474,-3.456708935,-2.369130369
28,0.216666667,0.144587769,0.546350324,0.415331183,0.467199779,-3.596289861,-2.556181469,0.506550686,-3.718971805,-2.605630321
28,0.233333333,0.149975258,0.489341588,0.371700257,0.467199779,-3.596289861,-2.663789996,0.323249353,-3.420524152,-2.617855558
28,0.25,0.160123716,0.428552812,0.324815176,0.467199779,-3.596289861,-2.771398523,0.608907456,-3.647326596,-2.813104877
28,0.266666667,0.169879797,0.366840767,0.274800681,0.467199779,-3.596289861,-2.879007049,0.585364837,-3.702722691,-3.00086971
28,0.283333333,0.178719934,0.307344307,0.224424671,0.467199779,-3.596289861,-2.986615576,0.530408238,-3.569787572,-3.022560563
28,0.3,0.187352936,0.24614056,0.171018189,0.467199779,-3.596289861,-3.094224103,0.51798013,-3.672224838,-3.204388958
28,0.316666667,0.193160213,0.192633906,0.124592666,0.467199779,-3.596289861,-3.201832629,0.348436607,-3.210399226,-2.78553138
28,0.333333333,0.19896749,0.139127252,0.078167143,0.467199779,-3.596289861,-3.309441156,0.348436607,-3.210399226,-2.78553138
28,0.35,0.204774766,0.085620599,0.03174162,0.467199779,-3.596289861,-3.417049683,0.348436607,-3.210399226,-2.78553138
29,0,0.022281597,1.419732132,0.815383272,,,,0.266928843,-3.607222289,-0.891427991
29,0.016666667,0.026730411,1.35961176,0.800526139,0.16479624,-3.678764711,-1.103655361,0.266928843,-3.607222289,-0.891427991
29,0.033333333,0.027625615,1.30029541,0.781094246,0.16479624,-3.678764711,-1.235374654,0.053712236,-3.558981036,-1.165913571
29,0.05,0.031354551,1.239212381,0.758467989,0.16479624,-3.678764711,-1.367093947,0.223736151,-3.664981704,-1.35757541
29,0.066666667,0.036061872,1.181041636,0.736877972,0.16479624,-3.678764711,-1.498813239,0.282439235,-3.490244696,-1.295401049
29,0.083333333,0.036459899,1.117053298,0.711173057,0.16479624,-3.678764711,-1.630532532,0.023881663,-3.839300303,-1.542294905
29,0.1,0.039140618,1.055562694,0.682916339,0.16479624,-3.678764711,-1.762251825,0.160843107,-3.689436243,-1.695403068
29,0.116666667,0.041509272,0.996295293,0.653230556,0.16479624,-3.678764711,-1.893971118,0.142119277,-3.556044076,-1.781146938
29,0.133333333,0.041841074,0.936427062,0.619510878,0.16479624,-3.678764711,-2.02569041,0.019908085,-3.59209383,-2.023180732
29,0.15,0.048522577,0.872504122,0.583486123,0.16479624,-3.678764711,-2.157409703,0.400890172,-3.835376398,-2.161485257
29,0.166666667,0.049839778,0.809600494,0.545863328,0.16479624,-3.678764711,-2.289128996,0.07903206,-3.774217692,-2.257367725
29,0.183333333,0.051267512,0.747986473,0.506933967,0.16479624,-3.678764711,-2.420848289,0.085664076,-3.696841256,-2.335761666
29,0.2,0.05541337,0.686836571,0.461773833,0.16479624,-3.678764711,-2.552567581,0.24875145,-3.66899414,-2.709608055
29,0.216666667,0.056838644,0.626917233,0.418226563,0.16479624,-3.678764711,-2.684286874,0.085516457,-3.595160288,-2.612836178
29,0.233333333,0.064962806,0.565786002,0.374765647,0.16479624,-3.678764711,-2.816006167,0.487449705,-3.667873811,-2.607654928
29,0.25,0.063595842,0.502840957,0.327654603,0.16479624,-3.678764711,-2.94772546,-0.082017831,-3.776702697,-2.826662694
29,0.266666667,0.066232793,0.441796002,0.277494519,0.16479624,-3.678764711,-3.079444752,0.158217087,-3.662697307,-3.00960502
29,0.283333333,0.069048945,0.380283389,0.225091952,0.16479624,-3.678764711,-3.211164045,0.168969093,-3.690756812,-3.144153989
29,0.3,0.071303164,0.320233225,0.171621099,0.16479624,-3.678764711,-3.342883338,0.135253134,-3.603009828,-3.208251205
29,0.316666667,0.073557383,0.260183061,0.118150246,0.16479624,-3.678764711,-3.474602631,0.135253134,-3.603009828,-3.208251205
29,0.333333333,0.080710552,0.193184132,0.053101173,0.16479624,-3.678764711,-3.606321923,0.429190163,-4.019935734,-3.902944379
30,0,0.065363933,1.359431727,0.832004918,,,,0.057928786,-3.574405582,-1.027129592
30,0.016666667,0.066329413,1.299858301,0.814886092,0.250712574,-3.55676866,-1.156687909,0.057928786,-3.574405582,-1.027129592
30,0.033333333,0.069453081,1.241172083,0.795781866,0.250712574,-3.55676866,-1.284242329,0.18742007,-3.521173116,-1.146253546
30,0.05,0.075087414,1.188641287,0.774482026,0.250712574,-3.55676866,-1.411796749,0.338060007,-3.151847706,-1.2779904
30,0.066666667,0.075240747,1.123657509,0.750630341,0.250712574,-3.55676866,-1.539351169,0.009199963,-3.899026695,-1.431101111
30,0.083333333,0.076346544,1.065270674,0.723629011,0.250712574,-3.55676866,-1.666905589,0.066347864,-3.503210105,-1.620079817
30,0.1,0.080433042,1.008047442,0.696087362,0.250712574,-3.55676866,-1.794460008,0.24518983,-3.433393946,-1.65249892
30,0.116666667,0.085506464,0.944945694,0.664045083,0.250712574,-3.55676866,-1.922014428,0.304405342,-3.786104884,-1.922536738
30,0.133333333,0.089549296,0.887241299,0.629302138,0.250712574,-3.55676866,-2.049568848,0.242569942,-3.462263701,-2.084576679
30,0.15,0.091151909,0.82832246,0.595881356,0.250712574,-3.55676866,-2.177123268,0.096156756,-3.535130312,-2.00524692
30,0.166666667,0.096449794,0.76716188,0.556173326,0.250712574,-3.55676866,-2.304677688,0.317873076,-3.669634803,-2.382481812
30,0.183333333,0.10011478,0.706724466,0.515872762,0.250712574,-3.55676866,-2.432232108,0.219899212,-3.626244835,-2.418033864
30,0.2,0.106952143,0.650524783,0.475871247,0.250712574,-3.55676866,-2.559786528,0.410241777,-3.371980981,-2.4000909
30,0.216666667,0.110893716,0.589153572,0.430301755,0.250712574,-3.55676866,-2.687340948,0.236494371,-3.682272648,-2.734169481
30,0.233333333,0.115554543,0.531438843,0.38510523,0.250712574,-3.55676866,-2.814895368,0.279649629,-3.462883737,-2.711791542
30,0.25,0.121093114,0.472559077,0.337220495,0.250712574,-3.55676866,-2.942449788,0.332314259,-3.532785972,-2.87308409
30,0.266666667,0.128527287,0.409029156,0.285484146,0.250712574,-3.55676866,-3.070004208,0.446050377,-3.811795291,-3.104180965
30,0.283333333,0.12945054,0.352557817,0.23436954,0.250712574,-3.55676866,-3.197558628,0.055395145,-3.388280302,-3.066876334
30,0.3,0.138155438,0.293182824,0.180099387,0.250712574,-3.55676866,-3.325113048,0.52229389,-3.562499581,-3.256209157
30,0.316666667,0.141759234,0.235330297,0.125439387,0.250712574,-3.55676866,-3.452667468,0.216227742,-3.47115161,-3.279600039
30,0.333333333,0.145821981,0.178653975,0.070956841,0.250712574,-3.55676866,-3.580221888,0.243764846,-3.40057934,-3.268952754
